,date,title,link
0,2022年7月27日,インド太平洋経済枠組み（IPEF）閣僚級会合が開催されました,https://www.meti.go.jp//press/2022/07/20220727005/20220727005.html
1,2022年7月25日,萩生田経済産業大臣がエマニュエル駐日米国大使の表敬を受けました,https://www.meti.go.jp//press/2022/07/20220725005/20220725005.html
2,2022年7月25日,萩生田経済産業大臣がインドネシア・アイルランガ経済担当調整大臣及びアグス工業大臣と会談しました,https://www.meti.go.jp//press/2022/07/20220725004/20220725004.html
3,2022年7月22日,第1回「日ASEAN経済共創ビジョン策定のための検討委員会」を開催しました,https://www.meti.go.jp//press/2022/07/20220722002/20220722002.html
4,2022年7月21日,萩生田経済産業大臣がサプライチェーン閣僚会合に出席しました,https://www.meti.go.jp//press/2022/07/20220721004/20220721004.html
5,2022年7月15日,萩生田経済産業大臣がタイ・アネーク高等教育・科学・研究・イノベーション大臣と会談を行いました,https://www.meti.go.jp//press/2022/07/20220715002/20220715002.html
6,2022年7月15日,インド工科大学ハイデラバード校における企業説明会「JAPAN DAY 2022」を開催します,https://www.meti.go.jp//press/2022/07/20220715004/20220715004.html
7,2022年7月7日,萩生田経済産業大臣がカナダ・シャンパーニュ革新・科学・産業大臣と会談を行いました,https://www.meti.go.jp//press/2022/07/20220707001/20220707001.html
8,2022年7月5日,ウクライナ情勢に関する外国為替及び外国貿易法に基づく措置を実施します,https://www.meti.go.jp//press/2022/07/20220705005/20220705005.html
9,2022年7月5日,「EPA活用推進会議」を新たに設置します,https://www.meti.go.jp//press/2022/07/20220705004/20220705004.html
10,2022年6月30日,インド高速鉄道に関する第14回合同委員会が開催されました,https://www.meti.go.jp//press/2022/06/20220630003/20220630003.html
11,2022年6月29日,細田経済産業副大臣がインドネシア・アグス工業大臣と会談しました,https://www.meti.go.jp//press/2022/06/20220629001/20220629001.html
12,2022年6月28日,「令和４年版通商白書」を取りまとめました,https://www.meti.go.jp//press/2022/06/20220628004/20220628004.html
13,2022年6月27日,不公正貿易報告書、経済産業省の取組方針及びWTO上級委員会の機能停止下の政策対応研究会・中間報告書を取りまとめました,https://www.meti.go.jp//press/2022/06/20220627001/20220627001.html
14,2022年6月23日,TICAD8プレビューイベント「アフリカビジネスの新潮流～多様なアプローチと成功の鍵～」を開催しました,https://www.meti.go.jp//press/2022/06/20220623008/20220623008.html
15,2022年6月23日,岩田経済産業大臣政務官がアゼルバイジャン・アミルバヨフ第一副大統領補佐官の表敬を受けました,https://www.meti.go.jp//press/2022/06/20220623006/20220623006.html
16,2022年6月23日,「第13回クリティカルマテリアル・ミネラル会合」を開催しました,https://www.meti.go.jp//press/2022/06/20220623003/20220623003.html
17,2022年6月17日,細田経済産業副大臣がスイス連邦へ出張しました（第12回WTO閣僚会議）,https://www.meti.go.jp//press/2022/06/20220617004/20220617004.html
18,2022年6月17日,「最低税率課税制度及び外国子会社合算税制のあり方に関する研究会」を設置します,https://www.meti.go.jp//press/2022/06/20220617001/20220617001.html
19,2022年6月14日,「貿易保険法施行令の一部を改正する政令」及び「貿易保険法の一部を改正する法律の施行期日を定める政令」が閣議決定されました,https://www.meti.go.jp//press/2022/06/20220614001/20220614001.html
20,2022年6月13日,インド太平洋経済枠組み(IPEF)の貿易分野に関する非公式閣僚級会合が開催されました,https://www.meti.go.jp//press/2022/06/20220613005/20220613005.html
21,2022年6月13日,WTO電子商取引交渉の共同議長国閣僚声明を発表しました,https://www.meti.go.jp//press/2022/06/20220612001/20220612001.html
22,2022年6月13日,広瀬経済産業審議官が2022年OECD閣僚理事会に参加しました,https://www.meti.go.jp//press/2022/06/20220613003/20220613003.html
23,2022年6月10日,ウクライナ情勢に関する外国為替及び外国貿易法に基づく措置を実施します（輸出貿易管理令の一部を改正）,https://www.meti.go.jp//press/2022/06/20220610004/20220610004.html
24,2022年6月8日,TICAD8プレビューイベント「アフリカビジネスの新潮流　～多様なアプローチ手法と成功の鍵～」,https://www.meti.go.jp//press/2022/06/20220608003/20220608003.html
25,2022年6月7日,ウクライナ情勢に関する外国為替及び外国貿易法に基づく措置を実施します,https://www.meti.go.jp//press/2022/06/20220607005/20220607005.html
26,2022年6月2日,萩生田経済産業大臣はサリバン米国上院議員の表敬を受けました,https://www.meti.go.jp//press/2022/06/20220602004/20220602004.html
27,2022年6月2日,デジタル時代のグローバルサプライチェーン高度化研究会（第1回）を開催しました,https://www.meti.go.jp//press/2022/06/20220602003/20220602003.html
28,2022年6月1日,細田副大臣と英国グリムストーン閣外大臣（投資担当）が会談を行いました,https://www.meti.go.jp//press/2022/06/20220601003/20220601003.html
29,2022年5月30日,細田副大臣がG７気候・エネルギー・環境大臣会合に出席しました,https://www.meti.go.jp//press/2022/05/20220530005/20220530005.html
30,2022年5月30日,「日ASEAN経済共創ビジョン策定プロジェクト」を立ち上げます,https://www.meti.go.jp//press/2022/05/20220530004/20220530004.html
31,2022年5月30日,岩田経済産業大臣政務官が第54回日韓経済人会議に出席しました,https://www.meti.go.jp//press/2022/05/20220530003/20220530003.html
32,2022年5月27日,J-Bridge米国デジタル分野ローンチウェビナーを開催します,https://www.meti.go.jp//press/2022/05/20220527008/20220527008.html
33,2022年5月27日,萩生田経済産業大臣がベトナムのファム・ビン・ミン筆頭副首相と会談を行いました,https://www.meti.go.jp//press/2022/05/20220527005/20220527005.html
34,2022年5月27日,経済産業省とシンガポール貿易産業省との間で官民対話を立ち上げました,https://www.meti.go.jp//press/2022/05/20220526001/20220526001.html
35,2022年5月25日,萩生田経済産業大臣がシンガポールのタン・シーレン第二貿易産業大臣兼人材開発大臣と会談を行いました,https://www.meti.go.jp//press/2022/05/20220525003/20220525003.html
36,2022年5月24日,萩生田経済産業大臣がマレーシア・アズミン上級大臣兼国際貿易産業大臣と会談しました,https://www.meti.go.jp//press/2022/05/20220524003/20220524003.html
37,2022年5月23日,「インド太平洋経済枠組み」の立上げについて,https://www.meti.go.jp//press/2022/05/20220523003/20220523003.html
38,2022年5月23日,萩生田経済産業大臣がレモンド米国商務長官と会談を行いました,https://www.meti.go.jp//press/2022/05/20220523002/20220523002.html
39,2022年5月23日,ロシアによるウクライナ侵略を非難する共同プレスリリースを発出しました,https://www.meti.go.jp//press/2022/05/20220522002/20220522002.html
40,2022年5月22日,萩生田経済産業大臣がAPEC貿易担当大臣会合に出席しました,https://www.meti.go.jp//press/2022/05/20220522001/20220522001.html
41,2022年5月20日,萩生田経済産業大臣とドイツ連邦共和国ハベック経済・気候保護大臣がTV会談を行いました,https://www.meti.go.jp//press/2022/05/20220519002/20220519002.html
42,2022年5月18日,日・インドネシア官民経済対話（トラック1.5）が開催されました,https://www.meti.go.jp//press/2022/05/20220518002/20220518002.html
43,2022年5月17日,「日ASEANビジネスウィーク2022～toward Innovative and Sustainable Growth～」を開催します,https://www.meti.go.jp//press/2022/05/20220517003/20220517004.html
44,2022年5月16日,萩生田経済産業大臣とスキンナリ・フィンランド開発協力・外国貿易大臣が会談を行いました,https://www.meti.go.jp//press/2022/05/20220516006/20220516006.html
45,2022年5月13日,萩生田経済産業大臣がスヴィリデンコ・ウクライナ第一副首相兼経済発展・貿易大臣とＴＶ会談を行いました。,https://www.meti.go.jp//press/2022/05/20220512006/20220512006.html
46,2022年5月13日,ウクライナ情勢に関する外国為替及び外国貿易法に基づく措置を実施します（輸出貿易管理令の一部を改正）,https://www.meti.go.jp//press/2022/05/20220513002/20220513002.html
47,2022年5月12日,日EUデジタルパートナーシップが立ち上げられました,https://www.meti.go.jp//press/2022/05/20220512005/20220512005.html
48,2022年5月12日,インド・タミルナードゥ州において日本工業団地（JITs）に係る経済協力会合を開催しました,https://www.meti.go.jp//press/2022/05/20220512003/20220512003.html
49,2022年5月10日,ウクライナ情勢に関する外国為替及び外国貿易法に基づく措置を実施します,https://www.meti.go.jp//press/2022/05/20220510003/20220510003.html
50,2022年5月7日,日米経済政策協議委員会（経済版「2＋2」）次官級協議を開催しました,https://www.meti.go.jp//press/2022/05/20220507001/20220507001.html
51,2022年5月6日,細田経済産業副大臣がケニア共和国へ出張しました（第2回日アフリカ官民経済フォーラム全体会合）,https://www.meti.go.jp//press/2022/05/20220506003/20220506003.html
52,2022年5月6日,萩生田経済産業大臣が米国に出張しました,https://www.meti.go.jp//press/2022/05/20220506002/20220506002.html
53,2022年4月28日,中華人民共和国産及び大韓民国産溶融亜鉛めっき鉄線に対する不当廉売関税の課税に関する調査において調査対象貨物の変更及び調査期間の延長を行います,https://www.meti.go.jp//press/2022/04/20220428005/20220428005.html
54,2022年4月27日,第１回地域的な包括的経済連携(RCEP)合同委員会が開催されました,https://www.meti.go.jp//press/2022/04/20220427008/20220427008.html
55,2022年4月26日,岩田経済産業政務官がタジキスタン・シェラリゾダ外務副大臣の表敬を受けました,https://www.meti.go.jp//press/2022/04/20220426007/20220426007.html
56,2022年4月26日,細田経済産業副大臣がモルドバ共和国ソコラン駐日大使の表敬訪問を受けました,https://www.meti.go.jp//press/2022/04/20220426004/20220426004.html
57,2022年4月26日,萩生田経済産業大臣はシュワブ世界経済フォーラム会長の表敬を受けました,https://www.meti.go.jp//press/2022/04/20220426002/20220426002.html
58,2022年4月25日,萩生田経済産業大臣は韓国の政策協議代表団による表敬を受けました,https://www.meti.go.jp//press/2022/04/20220425002/20220425002.html
59,2022年4月22日,第2回日アフリカ官民経済フォーラム全体会合を開催します,https://www.meti.go.jp//press/2022/04/20220422001/20220422001.html
60,2022年4月22日,萩生田経済産業大臣がウズベキスタン・ウムルザーコフ副首相兼投資・対外貿易大臣と会談しました,https://www.meti.go.jp//press/2022/04/20220422002/20220422002.html
61,2022年4月21日,萩生田経済産業大臣がタイ・スパッタナポン副首相兼エネルギー大臣と会談を行いました,https://www.meti.go.jp//press/2022/04/20220421005/20220421005.html
62,2022年4月21日,インドにおける「日本式ものづくり学校 (JIM)」を認定しました,https://www.meti.go.jp//press/2022/04/20220421004/20220421004.html
63,2022年4月21日,萩生田経済産業大臣がニュージーランド・オコナー貿易・輸出振興大臣と会談を行いました,https://www.meti.go.jp//press/2022/04/20220421003/20220421003.html
64,2022年4月18日,ASEANにおけるアジアDX促進事業（第3次公募）の公募予定について,https://www.meti.go.jp//press/2022/04/20220418002/20220418002.html
65,2022年4月13日,萩生田経済産業大臣はハガティ米国連邦上院議員一行（3名）による表敬を受けました,https://www.meti.go.jp//press/2022/04/20220413003/20220413003.html
66,2022年4月12日,ウクライナ情勢に関する外国為替及び外国貿易法に基づく措置を実施します（ロシアからの一部物品の輸入禁止措置）,https://www.meti.go.jp//press/2022/04/20220412002/20220412002.html
67,2022年4月12日,石井経済産業副大臣がイェニス・アフ・ラナ・デンマーク王国フェロー諸島自治政府外務大臣と会談を行いました,https://www.meti.go.jp//press/2022/04/20220412004/20220412004.html
68,2022年4月8日,日米商務・産業パートナーシップ（Japan-U.S. Commercial and Industrial Partnership、JUCIP）次官級会合を行いました,https://www.meti.go.jp//press/2022/04/20220408007/20220408007.html
69,2022年4月8日,防衛装備の海外移転の許可の状況に関する年次報告書を取りまとめました,https://www.meti.go.jp//press/2022/04/20220408004/20220408004.html
70,2022年3月29日,ウクライナ情勢に関する外国為替及び外国貿易法に基づく措置を実施します（輸出貿易管理令の一部を改正）,https://www.meti.go.jp//press/2021/03/20220329007/20220329007.html
71,2022年3月25日,ウクライナ情勢に関する外国為替及び外国貿易法に基づく措置を実施します,https://www.meti.go.jp//press/2021/03/20220325005/20220325005.html
72,2022年3月25日,萩生田経済産業大臣は、アブドルアジーズ・サウジアラビア・エネルギー大臣とTV会談を行いました,https://www.meti.go.jp//press/2021/03/20220325004/20220325004.html
73,2022年3月23日,萩生田経済産業大臣がG7貿易大臣会合に出席しました,https://www.meti.go.jp//press/2021/03/20220323005/20220323005.html
74,2022年3月22日,石井経済産業副大臣がウズベキスタン共和国アブドゥラフモノフ駐日大使の表敬を受けました,https://www.meti.go.jp//press/2021/03/20220322009/20220322009.html
75,2022年3月17日,令和3年度「中堅・中小企業輸出ビジネスモデル調査・実証事業費 補助金（一般・フードテック）」案件報告会のウェビナーを開催します,https://www.meti.go.jp//press/2021/03/20220317001/20220317001.html
76,2022年3月16日,デンマーク王国政府との間で「洋上風力発電及び変動性再生可能エネルギーの統合に関する協力覚書」（MoC）に署名しました,https://www.meti.go.jp//press/2021/03/20220316003/20220316003.html
77,2022年3月15日,萩生田経済産業大臣が日豪印貿易大臣会合（サプライチェーン強靭化イニシアティブ）に出席しました,https://www.meti.go.jp//press/2021/03/20220315008/20220315008.html
78,2022年3月15日,ウクライナ情勢に関する外国為替及び外国貿易法に基づく措置を実施します（措置の対象となる貨物及び役務取引等について）,https://www.meti.go.jp//press/2021/03/20220315007/20220315007.html
79,2022年3月15日,ウクライナ情勢に関する外国為替及び外国貿易法に基づく措置を実施します（資産凍結等）,https://www.meti.go.jp//press/2021/03/20220315005/20220315005.html
80,2022年3月11日,ウクライナ情勢に関する外国為替及び外国貿易法に基づく措置を実施します（輸出貿易管理令の一部を改正）,https://www.meti.go.jp//press/2021/03/20220311002/20220311002.html
81,2022年3月11日,ウクライナ情勢に関する外国為替及び外国貿易法に基づく措置を実施します（資産凍結等）,https://www.meti.go.jp//press/2021/03/20220311001/20220311001.html
82,2022年3月10日,外国ユーザーリストを改正しました,https://www.meti.go.jp//press/2021/03/20220310004/20220310004.html
83,2022年3月8日,防弾チョッキのウクライナへの移転に係る審議について,https://www.meti.go.jp//press/2021/03/20220308004/20220308004.html
84,2022年3月8日,ウクライナ情勢に関する外国為替及び外国貿易法に基づく措置を実施します,https://www.meti.go.jp//press/2021/03/20220308002/20220308002.html
85,2022年3月3日,ウクライナ情勢に関する外国為替及び外国貿易法に基づく措置を実施します,https://www.meti.go.jp//press/2021/03/20220303005/20220303005.html
86,2022年3月3日,細田経済産業副大臣がトルクメニスタン・エリャソフ駐日大使の表敬を受けました,https://www.meti.go.jp//press/2021/03/20220304003/20220304003.html
87,2022年3月1日,日米通商協力枠組み第1回会合を開催しました,https://www.meti.go.jp//press/2021/03/20220301006/20220301006.html
88,2022年3月1日,ウクライナ情勢に関する外国為替及び外国貿易法に基づく措置を実施します,https://www.meti.go.jp//press/2021/03/20220301005/20220301005.html
89,2022年3月1日,日本インドデジタル大動脈シンポジウムが開催されました,https://www.meti.go.jp//press/2021/03/20220301001/20220301001.html
90,2022年2月28日,インド政府と「日本工業団地」のプログレスレポートを交換しました,https://www.meti.go.jp//press/2021/02/20220228004/20220228004.html
91,2022年2月28日,中堅・中小企業の海外輸出にあたっての脱炭素化・グリーン化の動向に関わるオンラインセミナーを開催します,https://www.meti.go.jp//press/2021/02/20220228001/20220228001.html
92,2022年2月26日,ウクライナ情勢に関する外国為替及び外国貿易法に基づく措置を実施します,https://www.meti.go.jp//press/2021/02/20220226001/20220226001.html
93,2022年2月25日,萩生田大臣と英国トレビリアン国際貿易大臣が会談を行いました,https://www.meti.go.jp//press/2021/02/20220225003/20220225003.html
94,2022年2月24日,第28回アジア輸出管理セミナーが開催されました,https://www.meti.go.jp//press/2021/02/20220224003/20220224003.html
95,2022年2月18日,「貿易保険法の一部を改正する法律案」が閣議決定されました,https://www.meti.go.jp//press/2021/02/20220218004/20220218004.html
96,2022年2月10日,中華人民共和国産高重合度ポリエチレンテレフタレートに対する不当廉売関税の課税期間の延長に関する調査を開始します,https://www.meti.go.jp//press/2021/02/20220210001/20220210001.html
97,2022年2月9日,萩生田経済産業大臣は、フロア駐日欧州連合代表部大使と会談を行いました,https://www.meti.go.jp//press/2021/02/20220209001/20220209001.html
98,2022年2月9日,萩生田経済産業大臣がエマニュエル次期駐日米国大使の表敬を受けました,https://www.meti.go.jp//press/2021/02/20220209002/20220209002.html
99,2022年2月8日,鉄鋼及びアルミニウム産業に関する共同声明を発表しました,https://www.meti.go.jp//press/2021/02/20220208004/20220208004.html
100,2022年2月4日,安全保障貿易に係る機微技術管理ガイダンス（大学・研究機関用）を改訂しました,https://www.meti.go.jp//press/2021/02/20220204002/20220204002.html
101,2022年1月21日,萩生田経済産業大臣がWTO非公式閣僚会合（テレビ会議）に出席しました,https://www.meti.go.jp//press/2021/01/20220121003/20220121003.html
102,2022年1月21日,細田経済産業副大臣がWTO関連（オタワグループ）閣僚級会合（テレビ会議）に出席しました,https://www.meti.go.jp//press/2021/01/20220120009/20220120009.html
103,2022年1月18日,マレーシアについても地域的な包括的経済連携（RCEP）協定が発効します,https://www.meti.go.jp//press/2021/01/20220118002/20220118002.html
104,2022年1月14日,萩生田経済産業大臣がインドネシア、シンガポール、タイへ出張しました,https://www.meti.go.jp//press/2021/01/20220113003/20220113003.html
105,2022年1月10日,アジア未来投資イニシアティブを発表しました,https://www.meti.go.jp//press/2021/01/20220110001/20220110001.html
106,2021年12月27日,第15回 日中省エネルギー・環境総合フォーラムを開催しました（結果概要）,https://www.meti.go.jp//press/2021/12/20211227003/20211227003.html
107,2021年12月16日,細田経済産業副大臣がWTO関連（オタワグループ）閣僚級会合（テレビ会議）に出席しました,https://www.meti.go.jp//press/2021/12/20211216003/20211216003.html
108,2021年12月16日,テクノロジーカンファレンス「Web Summit Tokyo」の中止について,https://www.meti.go.jp//press/2021/12/20211216001/20211216001.html
109,2021年12月14日,WTO開発のための投資円滑化に関する共同声明が発出されました,https://www.meti.go.jp//press/2021/12/20211214002/20211214002.html
110,2021年12月14日,WTO電子商取引交渉の共同議長国閣僚声明を発表しました,https://www.meti.go.jp//press/2021/12/20211214001/20211214001.html
111,2021年12月10日,進出先国税制および税務ガバナンスに係る情報提供オンラインセミナーを開催します,https://www.meti.go.jp//press/2021/12/20211210003/20211210003.html
112,2021年12月9日,第2回日アフリカ官民経済フォーラム分科会を開催しました,https://www.meti.go.jp//press/2021/12/20211209002/20211209002.html
113,2021年12月9日,「第12回クリティカルマテリアル・ミネラル会合」を開催しました,https://www.meti.go.jp//press/2021/12/20211209001/20211209001.html
114,2021年12月6日,WTO貿易と環境持続可能性に関する閣僚声明が発出されました,https://www.meti.go.jp//press/2021/12/20211206005/20211206005.html
115,2021年12月6日,韓国との間でも地域的な包括的経済連携（RCEP）協定が発効します,https://www.meti.go.jp//press/2021/12/20211206004/20211206004.html
116,2021年12月3日,WTOサービス国内規制交渉の妥結に関する宣言が発出されました,https://www.meti.go.jp//press/2021/12/20211203006/20211203006.html
117,2021年11月30日,萩生田経済産業大臣が三極貿易大臣会合に出席し、共同声明を発出しました,https://www.meti.go.jp//press/2021/11/20211130003/20211130003.html
118,2021年11月29日,SCRI×J-Bridgeタイアップイベントを開催しました。,https://www.meti.go.jp//press/2021/11/20211129003/20211129003.html
119,2021年11月25日,萩生田経済産業大臣が日越投資カンファレンスに出席するとともに、ベトナムのチン首相及びジエン商工大臣と会談しました,https://www.meti.go.jp//press/2021/11/20211125005/20211125005.html
120,2021年11月25日,萩生田経済産業大臣は、ブルトン欧州委員（域内市場担当）との間でTV会談を行いました,https://www.meti.go.jp//press/2021/11/20211125002/20211125002.html
121,2021年11月24日,石井経済産業副大臣が第3回日本・太平洋島嶼国経済フォーラムに出席しました,https://www.meti.go.jp//press/2021/11/20211124004/20211124004.html
122,2021年11月24日,石井経済産業副大臣がコフォ・デンマーク王国外務大臣と会談を行いました。,https://www.meti.go.jp//press/2021/11/20211124002/20211124002.html
123,2021年11月22日,萩生田大臣はオコンジョ＝イウェアラWTO事務局長とTV会談を行いました,https://www.meti.go.jp//press/2021/11/20211122006/20211122006.html
124,2021年11月22日,G7知財庁はパンデミック後の経済回復を支援します,https://www.meti.go.jp//press/2021/11/20211122003/20211122003.html
125,2021年11月22日,日米クリーンエネルギーパートナーシップ（JUCEP）　ツールキット説明会を実施しました,https://www.meti.go.jp//press/2021/11/20211122005/20211122005.html
126,2021年11月18日,萩生田経済産業大臣は、ドンブロフスキス欧州委員会上級副委員長（人々のための経済担当）兼貿易担当欧州委員との間でTV会談を行いました,https://www.meti.go.jp//press/2021/11/20211118003/20211118003.html
127,2021年11月17日,日米通商協力枠組みを立ち上げました,https://www.meti.go.jp//press/2021/11/20211117007/20211117007.html
128,2021年11月17日,萩生田経済産業大臣がタイ米国通商代表と会談を行いました,https://www.meti.go.jp//press/2021/11/20211117006/20211117006.html
129,2021年11月17日,日米EU三極貿易大臣会合について共同声明を公表しました,https://www.meti.go.jp//press/2021/11/20211117005/20211117005.html
130,2021年11月17日,水際措置に係る申請手続きシステムの運用を開始します,https://www.meti.go.jp//press/2021/11/20211117004/20211117004.html
131,2021年11月17日,「貿易保険の在り方に関する懇談会（第2期）」第4回会合を開催します,https://www.meti.go.jp//press/2021/11/20211117002/20211117002.html
132,2021年11月15日,萩生田経済産業大臣が豪州・ティーハン貿易・観光・投資大臣とTV会談を行いました,https://www.meti.go.jp//press/2021/11/20211115008/20211115008.html
133,2021年11月15日,萩生田経済産業大臣がレモンド米国商務長官と会談を行いました,https://www.meti.go.jp//press/2021/11/20211115007/20211115007.html
134,2021年11月15日,「第15回日中省エネルギー・環境総合フォーラム」を開催します,https://www.meti.go.jp//press/2021/11/20211115006/20211115006.html
135,2021年11月15日,細田経済産業副大臣がチリ共和国・ジョベット　エネルギー大臣兼鉱業大臣の表敬を受けました,https://www.meti.go.jp//press/2021/11/20211115004/20211115004.html
136,2021年11月12日,SCRI×J-Bridgeタイアップイベントを開催します,https://www.meti.go.jp//press/2021/11/20211112001/20211112001.html
137,2021年11月11日,岸田総理大臣がAPECビジネス諮問委員会(ABAC)の「APEC首脳への提言」を受け取りました,https://www.meti.go.jp//press/2021/11/20211111005/20211111005.html
138,2021年11月9日,萩生田経済産業大臣がシンガポール・ガン貿易産業大臣とTV会談を行いました,https://www.meti.go.jp//press/2021/11/20211109003/20211109003.html
139,2021年11月9日,細田経済産業副大臣がAPEC閣僚会議（セッション2）に参加しました,https://www.meti.go.jp//press/2021/11/20211109002/20211109002.html
140,2021年11月8日,萩生田経済産業大臣がAPEC閣僚会議（セッション1）に参加しました,https://www.meti.go.jp//press/2021/11/20211108003/20211108003.html
141,2021年11月5日,萩生田経済産業大臣がレモンド米国商務長官と電話会談を行いました,https://www.meti.go.jp//press/2021/11/20211105008/20211105008.html
142,2021年11月5日,岩田経済産業大臣政務官が日・EUビジネス・ラウンドテーブル年次会合に出席しました,https://www.meti.go.jp//press/2021/11/20211105006/20211105006.html
143,2021年11月4日,萩生田経済産業大臣はタイ米国通商代表とTV会談を行いました,https://www.meti.go.jp//press/2021/11/20211104005/20211104005.html
144,2021年11月3日,地域的な包括的経済連携（RCEP）協定が1月1日に発効します,https://www.meti.go.jp//press/2021/11/20211104004/20211104004.html
145,2021年10月27日,第14回日中韓文化コンテンツ産業フォーラムが開催され、共同声明が発出されました,https://www.meti.go.jp//press/2021/10/20211027001/20211027001.html
146,2021年10月22日,萩生田経済産業大臣及び石井経済産業副大臣がG7貿易大臣会合に出席しました,https://www.meti.go.jp//press/2021/10/20211022008/20211022008.html
147,2021年10月22日,第2回日アフリカ官民経済フォーラムを開催します,https://www.meti.go.jp//press/2021/10/20211022002/20211022002.html
148,2021年10月14日,広瀬経済産業審議官が2021年OECD閣僚理事会及びWTO非公式閣僚会合に参加しました,https://www.meti.go.jp//press/2021/10/20211014003/20211014003.html
149,2021年10月13日,G20貿易・投資大臣会合が開催されました,https://www.meti.go.jp//press/2021/10/20211013001/20211013001.html
150,2021年10月11日,吉川経済産業大臣政務官がAPEC中小企業大臣会合（テレビ会議）に参加しました,https://www.meti.go.jp//press/2021/10/20211011003/20211011003.html
151,2021年10月5日,重要鉱物資源等の安定供給確保のためのコア業種の追加に関する外国為替及び外国貿易法関連告示を改正しました,https://www.meti.go.jp//press/2021/10/20211005005/20211005005.html
152,2021年10月4日,鉄鋼の過剰生産能力に関するグローバル・フォーラム閣僚会合が開催されました,https://www.meti.go.jp//press/2021/10/20211004002/20211004002.html
153,2021年9月29日,インド高速鉄道に関する第13回合同委員会が開催されました,https://www.meti.go.jp//press/2021/09/20210929002/20210929002.html
154,2021年9月28日,インド工科大学ハイデラバード校における企業説明会「JAPAN DAY 2021」を開催しました,https://www.meti.go.jp//press/2021/09/20210928005/20210928005.html
155,2021年9月28日,梶山経済産業大臣は、ブルトン欧州委員（域内市場担当）と会談を行いました,https://www.meti.go.jp//press/2021/09/20210928004/20210928004.html
156,2021年9月28日,中国による日本製ステンレス製品に対するアンチ・ダンピング措置についてWTO協定に基づくパネルが設置されました,https://www.meti.go.jp//press/2021/09/20210928001/20210928001.html
157,2021年9月17日,外国ユーザーリストを改正しました,https://www.meti.go.jp//press/2021/09/20210917001/20210917001.html
158,2021年9月15日,第9回東アジア経済大臣会合が開催されました,https://www.meti.go.jp//press/2021/09/20210915005/20210915005.html
159,2021年9月15日,第27回日ASEAN経済大臣会合が開催されました,https://www.meti.go.jp//press/2021/09/20210915003/20210915003.html
160,2021年9月13日,ASEAN関連経済大臣会合が開催されました,https://www.meti.go.jp//press/2021/09/20210913005/20210913005.html
161,2021年9月9日,長坂副大臣がスチュワート英国輸出担当大臣とTV会談を行いました。,https://www.meti.go.jp//press/2021/09/20210909001/20210909001.html
162,2021年9月8日,第2回サプライチェーン強靭化フォーラムを開催します,https://www.meti.go.jp//press/2021/09/20210908001/20210908001.html
163,2021年9月6日,江島経済産業副大臣がトルクメニスタンに出張しました,https://www.meti.go.jp//press/2021/09/20210906003/20210906003.html
164,2021年9月6日,宗清経済産業大臣政務官がスキンナリ・フィンランド共和国開発協力・外国貿易大臣と会談を行いました,https://www.meti.go.jp//press/2021/09/20210906001/20210906001.html
165,2021年9月3日,東方経済フォーラムの開催において梶山経済産業大臣兼ロシア経済分野協力担当大臣はシュリギノフ・ロシアエネルギー大臣とTV会談を行い、共同声明に署名をしました,https://www.meti.go.jp//press/2021/09/20210903002/20210903002.html
166,2021年8月31日,梶山経済産業大臣がケリー米国気候問題担当大統領特使と会談しました,https://www.meti.go.jp//press/2021/08/20210831004/20210831004.html
167,2021年8月30日,「相殺関税措置の活用に向けた提言」 を取りまとめました,https://www.meti.go.jp//press/2021/08/20210830002/20210830002.html
168,2021年8月19日,「デジタル経済下における国際課税研究会」の中間報告書を取りまとめました,https://www.meti.go.jp//press/2021/08/20210819002/20210819002.html
169,2021年8月19日,中国による日本製ステンレス製品に対するアンチ・ダンピング措置についてWTOパネル設置要請を行いました,https://www.meti.go.jp//press/2021/08/20210819001/20210819001.html
170,2021年8月11日,タイ工業省、デジタル経済・社会省との間でThailand 4.0実現に貢献する「LIPE（リペ）」の推進に向けた協力覚書に署名しました,https://www.meti.go.jp//press/2021/08/20210811003/20210811003.html
171,2021年8月10日,大韓民国及び中華人民共和国産水酸化カリウムに対する不当廉売関税の課税期間の延長を決定しました,https://www.meti.go.jp//press/2021/08/20210810002/20210810002.html
172,2021年8月3日,令和2年度第3次補正予算「アジアDX促進事業」の採択結果をお知らせします,https://www.meti.go.jp//press/2021/08/20210803003/20210803003.html
173,2021年8月3日,日ASEAN間の知財協力を強化しました,https://www.meti.go.jp//press/2021/08/20210803001/20210803001.html
174,2021年7月30日,「貿易保険の在り方に関する懇談会（第2期）」の報告書を取りまとめました,https://www.meti.go.jp//press/2021/07/20210730006/20210730006.html
175,2021年7月29日,日本の投資環境やネットゼロに向けた取組を発信するオンラインイベント「NET ZERO Leaders Summit（Japan Business Conference2021）」を開催しています,https://www.meti.go.jp//press/2021/07/20210729002/20210729002.html
176,2021年7月26日,佐藤経済産業大臣政務官がWTO関連（オタワグループ）閣僚級会合（テレビ会議）に出席しました,https://www.meti.go.jp//press/2021/07/20210726009/20210726009.html
177,2021年7月26日,江島経済産業副大臣がトルクメニスタンのベルディムハメドフ副首相と会談を行いました,https://www.meti.go.jp//press/2021/07/20210726004/20210726004.html
178,2021年7月20日,日本の投資環境やネットゼロに向けた取組を発信するオンラインイベント「NET ZERO Leaders Summit（Japan Business Conference 2021）」を開催します,https://www.meti.go.jp//press/2021/07/20210720005/20210720005.html
179,2021年7月15日,第3回日豪経済閣僚対話を開催しました,https://www.meti.go.jp//press/2021/07/20210715008/20210715008.html
180,2021年7月15日,「貿易保険の在り方に関する懇談会（第2期）」第3回会合を開催します,https://www.meti.go.jp//press/2021/07/20210715006/20210715006.html
181,2021年7月13日,第4回「日英産業政策対話」を開催しました,https://www.meti.go.jp//press/2021/07/20210713002/20210713002.html
182,2021年7月9日,外国為替及び外国貿易法に基づく輸出禁止処分等を行いました,https://www.meti.go.jp//press/2021/07/20210709009/20210709009.html
183,2021年7月6日,有限会社利根川精工の外為法違反容疑に係る告発について,https://www.meti.go.jp//press/2021/07/20210706002/20210706002.html
184,2021年7月2日,梶山経済産業大臣はケリー米国気候問題担当大統領特使と電話会談を行いました,https://www.meti.go.jp//press/2021/07/20210702001/20210702001.html
185,2021年6月30日,「第11回クリティカルマテリアル・ミネラル会合」を開催しました,https://www.meti.go.jp//press/2021/06/20210630009/20210630009.html
186,2021年6月29日,「令和3年版通商白書」を取りまとめました,https://www.meti.go.jp//press/2021/06/20210629004/20210629004.html
187,2021年6月25日,不公正貿易報告書及び経済産業省の取組方針を取りまとめました,https://www.meti.go.jp//press/2021/06/20210625010/20210625010.html
188,2021年6月24日,江島経済産業副大臣がトルクメニスタンのベルディムハメドフ副首相とTV会談を行いました,https://www.meti.go.jp//press/2021/06/20210624003/20210624003.html
189,2021年6月24日,梶山経済産業大臣はイン・カナダ国際貿易大臣とTV会談を行いました,https://www.meti.go.jp//press/2021/06/20210624002/20210624002.html
190,2021年6月22日,「経済連携協定に基づく特定原産地証明書の発給等に関する法律」の対象に、RCEP協定を追加しました,https://www.meti.go.jp//press/2021/06/20210622001/20210622001.html
191,2021年6月18日,大韓民国産炭酸ニカリウムに対する不当廉売関税の課税を決定しました,https://www.meti.go.jp//press/2021/06/20210618001/20210618001.html
192,2021年6月16日,「貿易保険の在り方に関する懇談会（第2期）」第2回会合を開催します,https://www.meti.go.jp//press/2021/06/20210616006/20210616006.html
193,2021年6月15日,世界貿易機関（WTO）で働くことを目指す方へ：WTO日本人職員とのオンライン対話のご案内,https://www.meti.go.jp//press/2021/06/20210615001/20210615001.html
194,2021年6月14日,中華人民共和国産および大韓民国産溶融亜鉛めっき鉄線に対する不当廉売関税の課税に関する調査を開始します,https://www.meti.go.jp//press/2021/06/20210614004/20210614004.html
195,2021年6月11日,中国による日本製ステンレス製品に対するアンチ・ダンピング措置についてWTO協定に基づく協議を要請しました,https://www.meti.go.jp//press/2021/06/20210611005/20210611005.html
196,2021年6月9日,梶山経済産業大臣がシンガポール・ガン貿易産業大臣とTV会談を行いました,https://www.meti.go.jp//press/2021/06/20210609001/20210609001.html
197,2021年6月8日,サンクトペテルブルグ国際経済フォーラム「日露ビジネス対話」が開催されました。,https://www.meti.go.jp//press/2021/06/20210608008/20210608008.html
198,2021年6月5日,梶山経済産業大臣と長坂経済産業副大臣がAPEC貿易担当大臣会合（テレビ会議）に参加しました,https://www.meti.go.jp//press/2021/06/20210605001/20210605001.html
199,2021年6月4日,長坂経済産業副大臣がAPEC貿易担当大臣とAPECビジネス諮問委員会(ABAC)との対話（テレビ会議）に参加しました,https://www.meti.go.jp//press/2021/06/20210604012/20210604012.html
200,2021年6月4日,「貿易保険の在り方に関する懇談会（第2期）」を開催します,https://www.meti.go.jp//press/2021/06/20210604004/20210604004.html
201,2021年6月2日,「NET ZERO Leaders Summit（Japan Business Conference 2021）」を開催します,https://www.meti.go.jp//press/2021/06/20210602005/20210602005.html
202,2021年5月28日,梶山経済産業大臣がG7貿易大臣会合（テレビ会議）に出席しました,https://www.meti.go.jp//press/2021/05/20210528009/20210528009.html
203,2021年5月28日,梶山経済産業大臣が「アジア・エネルギー・トランジション・イニシアティブ（AETI）」を新たに表明しました,https://www.meti.go.jp//press/2021/05/20210528007/20210528007.html
204,2021年5月26日,長坂経済産業副大臣がオタワグループ閣僚級会合（テレビ会議）に出席しました,https://www.meti.go.jp//press/2021/05/20210526003/20210526003.html
205,2021年5月25日,梶山経済産業大臣がニュージーランド・オコナー貿易・輸出振興大臣とTV会談を行いました,https://www.meti.go.jp//press/2021/05/20210525005/20210524005.html
206,2021年5月25日,江島経済産業副大臣は、ゼイユーディ・アラブ首長国連邦貿易担当大臣との間でテレビ会談を行いました,https://www.meti.go.jp//press/2021/05/20210525003/20210525003.html
207,2021年5月17日,アフリカ・インド等の新興国への日本企業の進出支援補助金「第7回　飛びだせJapan!」の公募が開始されました,https://www.meti.go.jp//press/2021/05/20210517002/20210517002.html
208,2021年5月12日,梶山経済産業大臣とクワルテング英国ビジネス・エネルギー・産業戦略大臣がTV会談を行いました,https://www.meti.go.jp//press/2021/05/20210512003/20210512003.html
209,2021年5月6日,「日ASEANビジネスウィーク～toward Innovative and Sustainable Growth～」を開催します,https://www.meti.go.jp//press/2021/05/20210506001/20210506001.html
210,2021年4月27日,梶山経済産業大臣が日豪印経済大臣会合に出席しました,https://www.meti.go.jp//press/2021/04/20210427004/20210427004.html
211,2021年4月23日,インドにおける「日本式ものづくり学校 (JIM)」を認定しました,https://www.meti.go.jp//press/2021/04/20210423010/20210423010.html
212,2021年4月21日,インド高速鉄道に関する第12回合同委員会が開催されました,https://www.meti.go.jp//press/2021/04/20210421006/20210421006.html
213,2021年4月20日,梶山経済産業大臣がシャルマCOP26議長（英国）と会談しました,https://www.meti.go.jp//press/2021/04/20210420004/20210420004.html
214,2021年4月16日,外国為替及び外国貿易法違反者に対し警告を行いました,https://www.meti.go.jp//press/2021/04/20210416006/20210416006.html
215,2021年4月9日,貿易保険法違反への対応について,https://www.meti.go.jp//press/2021/04/20210409005/20210409005.html
216,2021年4月8日,梶山経済産業大臣はレモンド米国商務長官と電話会談を行いました,https://www.meti.go.jp//press/2021/04/20210408003/20210408003.html
217,2021年4月8日,梶山経済産業大臣がGlobal Technology Governance Summitに出席しました,https://www.meti.go.jp//press/2021/04/20210408002/20210408002.html
218,2021年4月6日,梶山経済産業大臣がマレーシア・アズミン国際貿易産業大臣と会談しました,https://www.meti.go.jp//press/2021/04/20210406002/20210406002.html
219,2021年4月6日,「海外渡航者新型コロナウイルス検査センター（TeCOT）」のデジタル証明が可能となります,https://www.meti.go.jp//press/2021/04/20210406003/20210406003.html
220,2021年4月6日,外国為替及び外国貿易法に基づく北朝鮮輸出入禁止措置を延長しました,https://www.meti.go.jp//press/2021/04/20210406001/20210406001.html
221,2021年4月2日,ベトナム市場管理総局と模倣品対策の協力覚書を締結しました,https://www.meti.go.jp//press/2021/04/20210402007/20210402007.html
222,2021年4月1日,梶山経済産業大臣がG7貿易大臣会合（テレビ会議）に参加しました,https://www.meti.go.jp//press/2021/04/20210401009/20210401009.html
223,2021年3月29日,梶山経済産業大臣は、ドンブロフスキスEU上級副委員長（人々のための経済担当）との間でTV会談を行いました,https://www.meti.go.jp//press/2020/03/20210329005/20210329005.html
224,2021年3月25日,特定農林水産物等（GI産品）のEPA利用手続が簡素化されます,https://www.meti.go.jp//press/2020/03/20210325003/20210325003.html
225,2021年3月25日,モロッコとの特許審査ハイウェイを開始します,https://www.meti.go.jp//press/2020/03/20210325001/20210325001.html
226,2021年3月23日,梶山経済産業大臣はタイ米国通商代表とTV会談を行いました,https://www.meti.go.jp//press/2020/03/20210323009/20210323009.html
227,2021年3月23日,梶山大臣とグロッシーIAEA事務局長がTV会談を行いました,https://www.meti.go.jp//press/2020/03/20210323008/20210323008.html
228,2021年3月22日,長坂経済産業副大臣がオタワグループ閣僚級会合（テレビ会議）に出席し、「貿易と気候変動」に関する提案を行いました,https://www.meti.go.jp//press/2020/03/20210322010/20210322010.html
229,2021年3月22日,「日印産業競争力パートナーシップ・シンポジウムｰグローバル経済におけるインドの潜在能力ｰ」が開催されました,https://www.meti.go.jp//press/2020/03/20210322003/20210322003.html
230,2021年3月19日,世界最大級のテクノロジーカンファレンス、「Web Summit Tokyo」の開催が決定しました,https://www.meti.go.jp//press/2020/03/20210319008/20210319008.html
231,2021年3月19日,大韓民国産炭酸ニカリウムに対する暫定的な不当廉売関税の課税を決定しました,https://www.meti.go.jp//press/2020/03/20210319009/20210319009.html
232,2021年3月17日,梶山経済産業大臣が豪州・ティーハン貿易・観光・投資大臣とTV会談を行いました,https://www.meti.go.jp//press/2020/03/20210317001/20210317001.html
233,2021年3月15日,インド政府と「日本工業団地」のプログレスレポートを交換しました,https://www.meti.go.jp//press/2020/03/20210315002/20210315002.html
234,2021年3月12日,「サプライチェーン強靱化フォーラム－不確実性の時代の製造業及びサービス業－」がオンラインで開催されました,https://www.meti.go.jp//press/2020/03/20210312006/20210312006.html
235,2021年3月12日,梶山経済産業大臣がインドネシア・アグス工業大臣と会談しました,https://www.meti.go.jp//press/2020/03/20210312004/20210312004.html
236,2021年3月12日,外国為替及び外国貿易法に基づく行政処分（輸出禁止等）を行いました,https://www.meti.go.jp//press/2020/03/20210312002/20210312002.html
237,2021年3月10日,日・イスラエル経済イノベーション政策対話及び日・イスラエル・イノベーションネットワーク（JIIN）総会を開催しました,https://www.meti.go.jp//press/2020/03/20210310001/20210310001.html
238,2021年3月9日,3月の政策特集は「RCEPの世界へようこそ」です！,https://www.meti.go.jp//press/2020/03/20210309001/20210309001.html
239,2021年3月5日,地域への外国企業誘致をサポートする「地域への対日直接投資サポートプログラム」支援対象自治体を追加決定しました（東広島市）,https://www.meti.go.jp//press/2020/03/20210305002/20210305002.html
240,2021年3月4日,日本貿易保険における不適切事案に関する今後の対応について,https://www.meti.go.jp//press/2020/03/20210304006/20210304006.html
241,2021年3月3日,今後の海外産業人材協力についての方向性を取りまとめました,https://www.meti.go.jp//press/2020/03/20210303004/20210303004.html
242,2021年3月1日,「デジタル経済下における国際課税研究会」を設置します,https://www.meti.go.jp//press/2020/03/20210301002/20210301002.html
243,2021年2月25日,大韓民国産炭酸カリウムに対する不当廉売関税の課税に関する調査において、不当廉売された貨物の輸入の事実及び当該輸入の本邦の産業に与える実質的な損害等の事実を推定することについて仮決定しました,https://www.meti.go.jp//press/2020/02/20210225001/20210225001.html
244,2021年2月19日,第19回「日独次官級定期協議」を開催しました,https://www.meti.go.jp//press/2020/02/20210219001/20210219001.html
245,2021年2月19日,防衛装備の海外移転の許可の状況に関する年次報告書を取りまとめました,https://www.meti.go.jp//press/2020/02/20210219009/20210219009.html
246,2021年2月10日,長坂経済産業副大臣とブラジル連邦共和国メネゼス通信次官が会談を行いました,https://www.meti.go.jp//press/2020/02/20210210004/20210210004.html
247,2021年2月5日,長坂経済産業副大臣とカイザー・オランダ経済・気候政策副大臣がTV会談を行いました,https://www.meti.go.jp//press/2020/02/20210205002/20210205002.html
248,2021年1月29日,梶山経済産業大臣がWTO非公式閣僚会合に出席しました,https://www.meti.go.jp//press/2020/01/20210129007/20210129007.html
249,2021年1月15日,梶山経済産業大臣とシャーマCOP26議長（英国）がTV会談を行いました,https://www.meti.go.jp//press/2020/01/20210115002/20210115002.html
250,2021年1月14日,進出先国税制等に係る情報提供セミナーを開催します,https://www.meti.go.jp//press/2020/01/20210114001/20210114001.html
251,2021年1月4日,ブラジルとの特許審査ハイウェイの件数制限が緩和されます,https://www.meti.go.jp//press/2020/01/20210104003/20210104003.html
252,2020年12月24日,江島経済産業副大臣とポーランドのクルティカ気候・環境大臣がTV会談を行いました,https://www.meti.go.jp//press/2020/12/20201224001/20201224001.html
253,2020年12月23日,モルディブ投資促進セミナーを開催しました,https://www.meti.go.jp//press/2020/12/20201223003/20201223003.html
254,2020年12月21日,「海外渡航者新型コロナウイルス検査センター（TeCOT）」のビジネス目的以外の利用が可能となりました,https://www.meti.go.jp//press/2020/12/20201221007/20201221007.html
255,2020年12月21日,第14回 日中省エネルギー・環境総合フォーラムを開催しました,https://www.meti.go.jp//press/2020/12/20201221003/20201221003.html
256,2020年12月17日,第2回日ASEAN スマートシティ・ネットワーク ハイレベル会合に宗清経済産業大臣政務官が参加しました,https://www.meti.go.jp//press/2020/12/20201217001/20201217001.html
257,2020年12月16日,第5回日・サウジ・ビジョン2030閣僚会合を開催しました,https://www.meti.go.jp//press/2020/12/20201216001/20201216001.html
258,2020年12月15日,WTO電子商取引交渉の共同議長報告を発表しました,https://www.meti.go.jp//press/2020/12/20201215001/20201215001.html
259,2020年12月14日,梶山経済産業大臣がウズベキスタン・ウムルザーコフ副首相兼投資・対外貿易大臣と会談しました,https://www.meti.go.jp//press/2020/12/20201214006/20201214006.html
260,2020年12月11日,梶山経済産業大臣は、ティンマーマンスEU上級副委員長（グリーンディール担当）との間でTV会談を行いました,https://www.meti.go.jp//press/2020/12/20201211009/20201211009.html
261,2020年12月4日,梶山経済産業大臣がインドネシア・ルフット海洋・投資担当調整大臣と会談しました,https://www.meti.go.jp//press/2020/12/20201204001/20201204001.html
262,2020年12月1日,韓国による日本製ステンレス棒鋼に対するアンチ・ダンピング課税延長措置がＷＴＯ協定違反と判断されました,https://www.meti.go.jp//press/2020/12/20201201003/20201201003.html
263,2020年11月27日,日本・パキスタン官民合同経済対話モニタリング委員会を開催しました,https://www.meti.go.jp//press/2020/11/20201127008/20201127008.html
264,2020年11月27日,世界に先駆けてフランスと「特許審査ハイウェイ」を開始します,https://www.meti.go.jp//press/2020/11/20201127002/20201127002.html
265,2020年11月24日,長坂経済産業副大臣がオタワグループ閣僚級会合（テレビ会議）に参加しました,https://www.meti.go.jp//press/2020/11/20201124004/20201124004.html
266,2020年11月24日,外国為替令及び輸出貿易管理令の一部を改正する政令案が閣議決定されました,https://www.meti.go.jp//press/2020/11/20201124001/20201124001.html
267,2020年11月20日,「海外渡航者新型コロナウイルス検査センター（TeCOT）」で旅行業者等を通じた予約手続代行が可能となります,https://www.meti.go.jp//press/2020/11/20201120006/20201120006.html
268,2020年11月20日,「インフラ海外展開懇談会」の最終取りまとめを行いました,https://www.meti.go.jp//press/2020/11/20201120003/20201120003.html
269,2020年11月19日,「貿易保険の在り方に関する懇談会」の報告書を取りまとめました,https://www.meti.go.jp//press/2020/11/20201119002/20201119002.html
270,2020年11月18日,菅総理大臣がAPECビジネス諮問委員会（ABAC）の「APEC首脳への提言」を受け取りました,https://www.meti.go.jp//press/2020/11/20201118001/20201118001.html
271,2020年11月17日,「第14回日中省エネルギー・環境総合フォーラム」を開催します,https://www.meti.go.jp//press/2020/11/20201117006/20201117006.html
272,2020年11月17日,梶山経済産業大臣と江島経済産業副大臣がAPEC閣僚会議（テレビ会議）に参加しました,https://www.meti.go.jp//press/2020/11/20201117004/20201117004.html
273,2020年11月15日,地域的な包括的経済連携（RCEP）協定が署名されました,https://www.meti.go.jp//press/2020/11/20201115001/20201115001.html
274,2020年11月11日,「第10回日米欧三極クリティカルマテリアル会合」を開催しました,https://www.meti.go.jp//press/2020/11/20201111002/20201111002.html
275,2020年11月10日,第3回「貿易保険の在り方に関する懇談会」を開催します,https://www.meti.go.jp//press/2020/11/20201110005/20201110005.html
276,2020年11月10日,東アジア地域包括的経済連携（RCEP）閣僚準備会合が開催されます,https://www.meti.go.jp//press/2020/11/20201110002/20201110002.html
277,2020年11月6日,梶山経済産業大臣が日・EUビジネス・ラウンドテーブル年次会合に出席しました,https://www.meti.go.jp//press/2020/11/20201106004/20201106004.html
278,2020年11月5日,第13回日中韓文化コンテンツ産業フォーラムが開催され、共同声明が発出されました,https://www.meti.go.jp//press/2020/11/20201105004/20201105004.html
279,2020年11月4日,第6回「インフラ海外展開懇談会」を開催します,https://www.meti.go.jp//press/2020/11/20201104002/20201104002.html
280,2020年10月30日,「海外渡航者新型コロナウイルス検査センター（TeCOT）」について、短期出張からの帰国者も利用可能となります,https://www.meti.go.jp//press/2020/10/20201030013/20201030013.html
281,2020年10月30日,外国為替及び外国貿易法に基づく行政処分（輸入禁止等）を行いました,https://www.meti.go.jp//press/2020/10/20201030007/20201030007.html
282,2020年10月29日,宗清経済産業大臣政務官がOECD閣僚理事会（テレビ会議）に参加しました,https://www.meti.go.jp//press/2020/10/20201029003/20201029003.html
283,2020年10月27日,梶山経済産業大臣がWTO非公式閣僚会合に出席しました,https://www.meti.go.jp//press/2020/10/20201027008/20201027008.html
284,2020年10月27日,第2回「貿易保険の在り方に関する懇談会」を開催します,https://www.meti.go.jp//press/2020/10/20201027006/20201027006.html
285,2020年10月27日,鉄鋼の過剰生産能力に関するグローバル・フォーラム閣僚会合が開催されました,https://www.meti.go.jp//press/2020/10/20201027004/20201027004.html
286,2020年10月27日,G20初の知的財産に関するサイドイベント（IP20+）が開催されました,https://www.meti.go.jp//press/2020/10/20201027003/20201027003.html
287,2020年10月26日,「アンチダンピング措置の共同申請に向けた検討のモデルケース」を取りまとめました,https://www.meti.go.jp//press/2020/10/20201026003/20201026003.html
288,2020年10月23日,佐藤経済産業大臣政務官がAPEC中小企業大臣会合（テレビ会議）に参加しました,https://www.meti.go.jp//press/2020/10/20201023005/20201023005.html
289,2020年10月23日,梶山大臣と英国トラス国際貿易大臣が会談を行いました,https://www.meti.go.jp//press/2020/10/20201023002/20201023002.html
290,2020年10月21日,梶山経済産業大臣兼ロシア経済分野協力担当大臣とレシェトニコフ経済発展大臣兼対日貿易経済協力担当大統領特別代表が電話会談を行いました,https://www.meti.go.jp//press/2020/10/20201021005/20201021005.html
291,2020年10月14日,梶山経済産業大臣が東アジア地域包括的経済連携（RCEP）中間閣僚会合に出席しました,https://www.meti.go.jp//press/2020/10/20201014005/20201014005.html
292,2020年10月14日,海外渡航者向け「新型コロナウイルス検査証明機関登録簿」を更新します,https://www.meti.go.jp//press/2020/10/20201014007/20201014007.html
293,2020年10月14日,令和元年度補正予算「日ASEANにおけるアジアDX促進事業」の採択結果をお知らせします,https://www.meti.go.jp//press/2020/10/20201014001/20201014001.html
294,2020年10月13日,東アジア地域包括的経済連携（RCEP）中間閣僚会合が開催されます,https://www.meti.go.jp//press/2020/10/20201013004/20201013004.html
295,2020年10月12日,「貿易保険の在り方に関する懇談会」を開催します,https://www.meti.go.jp//press/2020/10/20201012004/20201012004.html
296,2020年10月6日,海外渡航者新型コロナウイルス検査センター（TeCOT）の海外渡航者向けの利用を開始します,https://www.meti.go.jp//press/2020/10/20201006005/20201006005.html
297,2020年10月6日,【中堅・中小企業の新興国進出支援】経済産業省補助事業「第6回 飛びだせJapan!」の公募が開始されました,https://www.meti.go.jp//press/2020/10/20201006002/20201006002.html
298,2020年10月5日,梶山経済産業大臣は、ファーレフ・サウジアラビア・投資大臣との間でテレビ会談を行いました,https://www.meti.go.jp//press/2020/10/20201005001/20201005001.html
299,2020年9月30日,海外渡航者新型コロナウイルス検査センター（TeCOT）の運用を開始します,https://www.meti.go.jp//press/2020/09/20200930010/20200930010.html
300,2020年9月28日,インド高速鉄道に関する第11回合同委員会が開催されました,https://www.meti.go.jp//press/2020/09/20200928008/20200928008.html
301,2020年9月23日,梶山経済産業大臣がG20貿易・投資大臣会合（テレビ会議）に参加しました,https://www.meti.go.jp//press/2020/09/20200923008/20200923008.html
302,2020年9月23日,第5回「インフラ海外展開懇談会」を開催します,https://www.meti.go.jp//press/2020/09/20200923006/20200923006.html
303,2020年9月18日,海外渡航者新型コロナウイルス検査センター（TeCOT）専用ページを開設し、海外渡航者向け「新型コロナウイルス検査証明機関登録簿」を公表します,https://www.meti.go.jp//press/2020/09/20200918006/20200918006.html
304,2020年9月15日,東京・名古屋・大阪商工会議所と輸出管理で連携します,https://www.meti.go.jp//press/2020/09/20200915003/20200915003.html
305,2020年9月11日,中華人民共和国産トリス（クロロプロピル）ホスフェートに対する不当廉売関税の課税を決定しました,https://www.meti.go.jp//press/2020/09/20200911004/20200911004.html
306,2020年9月9日,第4回「インフラ海外展開懇談会」を開催します,https://www.meti.go.jp//press/2020/09/20200909008/20200909008.html
307,2020年9月4日,海外渡航を行う事業者に対して新型コロナウイルス検査証明を行う医療機関の正式登録申請の受付を本日より開始します,https://www.meti.go.jp//press/2020/09/20200904003/20200904003.html
308,2020年9月3日,地域への対日直接投資カンファレンス（Regional Business Conference）開催に係るプロジェクトの採択を行いました,https://www.meti.go.jp//press/2020/09/20200903001/20200903001.html
309,2020年9月1日,梶山経済産業大臣が日豪印経済大臣会合に出席しました,https://www.meti.go.jp//press/2020/09/20200901008/20200901008.html
310,2020年9月1日,ビジネス渡航に係る新型コロナウイルス陰性検査を行う医療機関の二次募集の結果を取りまとめました,https://www.meti.go.jp//press/2020/09/20200901003/20200901003.html
311,2020年8月31日,日豪印経済大臣会合が開催されます,https://www.meti.go.jp//press/2020/08/20200831008/20200831008.html
312,2020年8月31日,大韓民国及び中華人民共和国産水酸化カリウムに対する不当廉売関税の課税期間の延長に関する調査を開始します,https://www.meti.go.jp//press/2020/08/20200831002/20200831002.html
313,2020年8月28日,ASEAN関連経済大臣会合が開催されました,https://www.meti.go.jp//press/2020/08/20200828013/20200828013.html
314,2020年8月27日,梶山経済産業大臣が東アジア地域包括的経済連携（RCEP）閣僚会合に出席しました,https://www.meti.go.jp//press/2020/08/20200827002/20200827002.html
315,2020年8月25日,東アジア地域包括的経済連携（RCEP）閣僚会合が開催されます,https://www.meti.go.jp//press/2020/08/20200825007/20200825007.html
316,2020年8月19日,韓国による日本製空気圧伝送用バルブに対するアンチダンピング課税措置が撤廃されました,https://www.meti.go.jp//press/2020/08/20200819001/20200819001.html
317,2020年8月7日,第4回「日ベトナム産業・貿易・エネルギー協力委員会」を開催しました,https://www.meti.go.jp//press/2020/08/20200807010/20200807010.html
318,2020年8月7日,ビジネス渡航に係る新型コロナウイルス陰性検査を行う医療機関の一次募集の結果を公表し、二次募集を開始します,https://www.meti.go.jp//press/2020/08/20200807008/20200807008.html
319,2020年8月4日,令和元年度「アジアDX等新規事業創造推進支援事業費補助金（日印経済産業協力事業）」の採択結果をお知らせします,https://www.meti.go.jp//press/2020/08/20200804001/20200804001.html
320,2020年8月3日,日・ASEAN包括的経済連携協定第一改正議定書が発効しました,https://www.meti.go.jp//press/2020/08/20200803004/20200803004.html
321,2020年7月30日,インドによるICT製品の関税引上げ措置についてWTO協定に基づくパネルが設置されました,https://www.meti.go.jp//press/2020/07/20200730006/20200730006.html
322,2020年7月29日,日ASEAN経済大臣特別会合が開催され、「日ASEAN経済強靱化アクションプラン」が発出されました,https://www.meti.go.jp//press/2020/07/20200729005/20200729005.html
323,2020年7月27日,ビジネス渡航に係る陰性証明を行う医療機関を募集します,https://www.meti.go.jp//press/2020/07/20200727004/20200727004.html
324,2020年7月25日,梶山大臣がAPEC貿易担当大臣会合（テレビ会議）に参加しました,https://www.meti.go.jp//press/2020/07/20200725001/20200725001.html
325,2020年7月23日,牧原経済産業副大臣がG20デジタル経済大臣会合（テレビ会議）に参加しました,https://www.meti.go.jp//press/2020/07/20200723001/20200723001.html
326,2020年7月20日,地域への外国企業誘致をサポートする「地域への対日直接投資サポートプログラム」支援対象自治体を追加決定しました（札幌市）,https://www.meti.go.jp//press/2020/07/20200720004/20200720004.html
327,2020年7月17日,梶山経済産業大臣は、ブルトン欧州委員（域内市場担当）との間でＴＶ会談を行いました,https://www.meti.go.jp//press/2020/07/20200717011/20200717011.html
328,2020年7月17日,海外サプライチェーン多元化等支援事業の一次公募採択事業が決定されました,https://www.meti.go.jp//press/2020/07/20200717007/20200717007.html
329,2020年7月15日,第3回「インフラ海外展開懇談会」を開催します,https://www.meti.go.jp//press/2020/07/20200715006/20200715006.html
330,2020年7月14日,梶山経済産業大臣がインドネシア・ルフット海洋・投資担当調整大臣及びアグス工業大臣とTV会談を行いました,https://www.meti.go.jp//press/2020/07/20200714007/20200714007.html
331,2020年7月9日,日ASEAN特許専門家会合を立ち上げることに合意しました,https://www.meti.go.jp//press/2020/07/20200709001/20200709001.html
332,2020年7月7日,東アジア地域包括的経済連携（RCEP）交渉の第31回会合が開催されます,https://www.meti.go.jp//press/2020/07/20200707006/20200707006.html
333,2020年7月7日,「令和2年版通商白書」を取りまとめました,https://www.meti.go.jp//press/2020/07/20200707001/20200707001.html
334,2020年7月3日,PCR検査が受診可能なトラベルクリニック等のリストを紹介します,https://www.meti.go.jp//press/2020/07/20200703002/20200703002.html
335,2020年6月29日,大韓民国産炭酸カリウムに対する不当廉売関税の課税に関する調査を開始します,https://www.meti.go.jp//press/2020/06/20200629001/20200629001.html
336,2020年6月23日,梶山経済産業大臣が東アジア地域包括的経済連携（RCEP）中間閣僚会合に出席しました,https://www.meti.go.jp//press/2020/06/20200623005/20200623005.html
337,2020年6月23日,中華人民共和国産トリス（クロロプロピル）ホスフェートに対する暫定的な不当廉売関税の課税を決定しました,https://www.meti.go.jp//press/2020/06/20200623001/20200623001.html
338,2020年6月22日,梶山経済産業大臣は、ホーガン欧州委員（貿易担当）との間でTV会談を行いました,https://www.meti.go.jp//press/2020/06/20200622009/20200622009.html
339,2020年6月22日,東アジア地域包括的経済連携（RCEP）中間閣僚会合が開催されます,https://www.meti.go.jp//press/2020/06/20200622011/20200622011.html
340,2020年6月19日,外国為替及び外国貿易法に基づく行政処分（輸入禁止等）を行いました,https://www.meti.go.jp//press/2020/06/20200619002/20200619002.html
341,2020年6月16日,日・ASEAN包括的経済連携協定第一改正議定書の効力発生のための通告を行いました,https://www.meti.go.jp//press/2020/06/20200616002/20200616002.html
342,2020年6月15日,牧原副大臣がオタワグループ閣僚級会合（テレビ会議）に参加しました,https://www.meti.go.jp//press/2020/06/20200615003/20200615003.html
343,2020年6月15日,感染症に対する医薬品に係る製造業及び高度管理医療機器に係る製造業を対内直接投資等のコア業種に追加します,https://www.meti.go.jp//press/2020/06/20200615001/20200615001.html
344,2020年6月4日,「COVID-19感染拡大による経済的影響の緩和に関するASEAN+3経済大臣共同声明」が発出されました,https://www.meti.go.jp//press/2020/06/20200604001/20200604001.html
345,2020年5月25日,不公正貿易報告書及び経済産業省の取組方針を取りまとめました,https://www.meti.go.jp//press/2020/05/20200525002/20200525002.html
346,2020年5月25日,中華人民共和国産トリス（クロロプロピル）ホスフェートに対する不当廉売関税の課税に関し、不当廉売された貨物の輸入の事実及び当該輸入の本邦の産業に与える実質的な損害等の事実を推定することについて仮決定しました,https://www.meti.go.jp//press/2020/05/20200525001/20200525001.html
347,2020年5月21日,「インフラ海外展開懇談会」の中間取りまとめ（電力・エネルギー）を行いました,https://www.meti.go.jp//press/2020/05/20200521001/20200521001.html
348,2020年5月18日,梶山経済産業大臣が豪州バーミンガム貿易・観光・投資大臣とTV会談を行いました,https://www.meti.go.jp//press/2020/05/20200518003/20200518003.html
349,2020年5月15日,梶山大臣が第2回G20貿易・投資大臣会合（テレビ会議）に参加しました,https://www.meti.go.jp//press/2020/05/20200515004/20200515004.html
350,2020年5月13日,東アジア地域包括的経済連携（RCEP）交渉の第30回会合が開催されます,https://www.meti.go.jp//press/2020/05/20200513004/20200513004.html
351,2020年5月8日,第2回「インフラ海外展開懇談会」を開催します,https://www.meti.go.jp//press/2020/05/20200508004/20200508004.html
352,2020年5月8日,外国ユーザーリストを改正しました,https://www.meti.go.jp//press/2020/05/20200508001/20200508001.html
353,2020年5月5日,APEC貿易担当大臣が新型コロナウイルス感染症に関する共同声明を発出しました,https://www.meti.go.jp//press/2020/05/20200505001/20200505001.html
354,2020年5月1日,梶山経済産業大臣がシンガポールのチャン貿易産業大臣とTV会談を行いました,https://www.meti.go.jp//press/2020/05/20200501009/20200501009.html
355,2020年4月30日,第29回東アジア地域包括的経済連携（RCEP）首席交渉官会合共同声明が発出されました,https://www.meti.go.jp//press/2020/04/20200430007/20200430007.html
356,2020年4月30日,日露両国は新型コロナウイルス感染症対策における協力を進めます,https://www.meti.go.jp//press/2020/04/20200430005/20200430005.html
357,2020年4月24日,梶山経済産業大臣兼ロシア経済分野協力担当大臣とレシェトニコフ経済発展大臣がTV会談を行いました,https://www.meti.go.jp//press/2020/04/20200424009/20200424009.html
358,2020年4月23日,第1回「インフラ海外展開懇談会」を開催します,https://www.meti.go.jp//press/2020/04/20200423005/20200423005.html
359,2020年4月22日,「経済強靱性に関する日ASEAN共同イニシアティブ」を取りまとめました,https://www.meti.go.jp//press/2020/04/20200422005/20200422005.html
360,2020年4月17日,梶山経済産業大臣は、ベトナムのアイン商工大臣との間で電話会談を行いました ,https://www.meti.go.jp//press/2020/04/20200417004/20200417004.html
361,2020年4月16日,東アジア地域包括的経済連携（RCEP）交渉の第29回会合が開催されます,https://www.meti.go.jp//press/2020/04/20200416002/20200416002.html
362,2020年4月3日,外国為替及び外国貿易法に基づく行政処分（輸出禁止）を行いました,https://www.meti.go.jp//press/2020/04/20200403003/20200403003.html
363,2020年3月31日,梶山経済産業大臣がG20貿易・投資大臣会合（テレビ会議）に参加しました,https://www.meti.go.jp//press/2019/03/20200331003/20200331003.html
364,2020年3月19日,インドによるICT製品の関税引上げ措置についてWTO紛争処理小委員会の設置要請を行いました,https://www.meti.go.jp//press/2019/03/20200319004/20200319004.html
365,2020年3月11日,第8回輸出管理政策対話を開催しました,https://www.meti.go.jp//press/2019/03/20200311002/20200311002.html
366,2020年3月6日,第8回日韓輸出管理政策対話の開催について,https://www.meti.go.jp//press/2019/03/20200306004/20200306004.html
367,2020年3月5日,新型コロナウイルスの流行に伴う輸出入手続きの緩和等について,https://www.meti.go.jp//press/2019/03/20200305002/20200305002.html
368,2020年2月28日,第3回「日英産業政策対話」を開催しました,https://www.meti.go.jp//press/2019/02/20200228008/20200228008.html
369,2020年2月21日,第8回輸出管理政策対話を開催します,https://www.meti.go.jp//press/2019/02/20200221007/20200221007.html
370,2020年2月21日,アフリカ経済の発展及び成長のため、知財の観点から支援を強化します,https://www.meti.go.jp//press/2019/02/20200221003/20200221003.html
371,2020年2月19日,第27回アジア輸出管理セミナーが開催されました,https://www.meti.go.jp//press/2019/02/20200219004/20200219004.html
372,2020年2月19日,WTOで電子商取引に関する交渉会合（大阪トラック・プロセス）が開催されました,https://www.meti.go.jp//press/2019/02/20200219001/20200219001.html
373,2020年2月14日,新型コロナウイルスの流行に伴う輸出入手続きの緩和等について,https://www.meti.go.jp//press/2019/02/20200214010/20200214010.html
374,2020年2月14日,防衛装備の海外移転の許可の状況に関する年次報告書を取りまとめました,https://www.meti.go.jp//press/2019/02/20200214006/20200214006.html
375,2020年2月4日,エネルギー・インフラ金融及び市場形成に関する日米協力覚書を締結しました,https://www.meti.go.jp//press/2019/02/20200204001/20200204001.html
376,2020年2月3日,関東経済産業局の通商窓口業務を東京通商事務所と横浜通商事務所に集約します,https://www.meti.go.jp//press/2019/02/20200203006/20200203006.html
377,2020年1月29日,牧原経済産業副大臣がスイスとフランスに出張しました,https://www.meti.go.jp//press/2019/01/20200129006/20200129006.html
378,2020年1月24日,WTO電子商取引交渉（大阪トラック・プロセス）に関する閣僚級会合が開催されました,https://www.meti.go.jp//press/2019/01/20200124004/20200124004.html
379,2020年1月15日,梶山経済産業大臣が米国に出張しました,https://www.meti.go.jp//press/2019/01/20200115001/20200115001.html
380,2020年1月14日,三極貿易大臣共同声明が発表されました,https://www.meti.go.jp//press/2019/01/20200114007/20200114007.html
381,2020年1月10日,梶山経済産業大臣がオーストラリア連邦へ出張しました,https://www.meti.go.jp//press/2019/01/20200110007/20200110007.html
382,2019年12月25日,第6回 日EU CSRワーキンググループを開催しました,https://www.meti.go.jp//press/2019/12/20191225001/20191225001.html
383,2019年12月23日,第3回日中スマート製造交流セミナーを開催しました,https://www.meti.go.jp//press/2019/12/20191223010/20191223010.html
384,2019年12月23日,第二回日インドネシア自動車対話を開催しました,https://www.meti.go.jp//press/2019/12/20191223003/20191223003.html
385,2019年12月23日,インド政府と「日本工業団地」のプログレスレポートを交換しました,https://www.meti.go.jp//press/2019/12/20191223002/20191223002.html
386,2019年12月22日,梶山経済産業大臣が中華人民共和国に出張しました,https://www.meti.go.jp//press/2019/12/20191222001/20191222001.html
387,2019年12月16日,第7回輸出管理政策対話を開催しました,https://www.meti.go.jp//press/2019/12/20191216007/20191216007.html
388,2019年12月12日,第8回商標五庁（TM5）会合を日本で開催しました,https://www.meti.go.jp//press/2019/12/20191212001/20191212001.html
389,2019年12月12日,デジタルインフラ分野の日印ビジネス協力の推進を歓迎します,https://www.meti.go.jp//press/2019/12/20191212005/20191212005.html
390,2019年12月10日,梶山経済産業大臣がインドへ出張しました,https://www.meti.go.jp//press/2019/12/20191210003/20191210003.html
391,2019年12月9日,第19回経済産業省と中国商務部との次官級定期協議を開催しました,https://www.meti.go.jp//press/2019/12/20191209011/20191209011.html
392,2019年12月9日,第13回 日中省エネルギー・環境総合フォーラムを開催しました,https://www.meti.go.jp//press/2019/12/20191209008/20191209008.html
393,2019年12月5日,第７回輸出管理政策対話に向けた局長級準備会合を開催しました,https://www.meti.go.jp//press/2019/12/20191205004/20191205004.html
394,2019年11月26日,梶山経済産業大臣がカンボジア・チャン・プラシッド工業手工芸省上級大臣と会談を行いました,https://www.meti.go.jp//press/2019/11/20191126001/20191126001.html
395,2019年11月26日,日中韓自由貿易協定（FTA）交渉の第16回会合が開催されます,https://www.meti.go.jp//press/2019/11/20191126003/20191126003.html
396,2019年11月25日,WTOで電子商取引に関する交渉会合（大阪トラック・プロセス）が開催されました,https://www.meti.go.jp//press/2019/11/20191125002/20191125002.html
397,2019年11月25日,ブラジルとの特許審査ハイウェイが全技術分野で利用可能になります,https://www.meti.go.jp//press/2019/11/20191125001/20191125001.html
398,2019年11月20日,大韓民国向け輸出管理の運用の見直しについてWTO協定に基づく二国間協議を実施しました,https://www.meti.go.jp//press/2019/11/20191120004/20191120004.html
399,2019年11月20日,「第9回日米欧三極クリティカルマテリアル会合」を開催しました,https://www.meti.go.jp//press/2019/11/20191120003/20191120003.html
400,2019年11月19日,輸出貿易管理令の一部を改正する政令案が閣議決定されました,https://www.meti.go.jp//press/2019/11/20191119001/20191119001.html
401,2019年11月13日,地域への外国企業誘致をサポートする「地域への対日直接投資サポートプログラム」支援対象自治体を追加決定しました（京都府）,https://www.meti.go.jp//press/2019/11/20191113001/20191113001.html
402,2019年11月12日,「第13回日中省エネルギー・環境総合フォーラム」を開催します,https://www.meti.go.jp//press/2019/11/20191112006/20191112006.html
403,2019年11月11日,インドにおける「日本式ものづくり学校（JIM:Japan-India Institute for Manufacturing）」を認定しました,https://www.meti.go.jp//press/2019/11/20191111002/20191111002.html
404,2019年11月8日,大韓民国向け輸出管理の運用の見直しについてWTO協定に基づく二国間協議を実施します,https://www.meti.go.jp//press/2019/11/20191108006/20191108006.html
405,2019年11月8日,安倍総理大臣がAPECビジネス諮問委員会（ABAC）の「APEC首脳への提言」を受け取りました,https://www.meti.go.jp//press/2019/11/20191108002/20191108002.html
406,2019年11月7日,第18回「日独次官級定期協議」を開催しました,https://www.meti.go.jp//press/2019/11/20191107003/20191107003.html
407,2019年11月6日,牧原経済産業副大臣が中国（上海）を訪問しました,https://www.meti.go.jp//press/2019/11/20191106002/20191106002.html
408,2019年11月5日,牧原経済産業副大臣がタイ王国へ出張しました,https://www.meti.go.jp//press/2019/11/20191105003/20191105003.html
409,2019年10月31日,東アジア地域包括的経済連携（RCEP）閣僚会合、日タイ企業連携プロジェクト署名式が開催されます,https://www.meti.go.jp//press/2019/10/20191031006/20191031006.html
410,2019年10月31日,地域への対日直接投資カンファレンス「Regional Business Conference in SENDAI」を開催します,https://www.meti.go.jp//press/2019/10/20191031001/20191031001.html
411,2019年10月30日,宮本経済産業大臣政務官がスロバキア及びフランスに出張しました,https://www.meti.go.jp//press/2019/10/20191030007/20191030007.html
412,2019年10月30日,地域への外国企業誘致をサポートする「地域への対日直接投資サポートプログラム」支援対象自治体を追加決定しました（神奈川県、沖縄県）,https://www.meti.go.jp//press/2019/10/20191030002/20191030002.html
413,2019年10月28日,WTOで電子商取引に関する交渉会合（大阪トラック・プロセス）が開催されました,https://www.meti.go.jp//press/2019/10/20191028001/20191028001.html
414,2019年10月26日,鉄鋼の過剰生産能力に関するグローバル・フォーラム閣僚会合を開催しました,https://www.meti.go.jp//press/2019/10/20191026001/20191026001.html
415,2019年10月25日,菅原経済産業大臣がジャーベル･アラブ首長国連邦（UAE）国務大臣兼アブダビ国営石油会社（ADNOC）CEOと会談を行いました,https://www.meti.go.jp//press/2019/10/20191025004/20191025004.html
416,2019年10月24日,「日・サウジ・ビジョン2030 2.0改訂版」を策定しました,https://www.meti.go.jp//press/2019/10/20191024005/20191024005.html
417,2019年10月24日,菅原経済産業大臣がメレドフ・トルクメニスタン副首相兼外務大臣と会談を行いました,https://www.meti.go.jp//press/2019/10/20191024003/20191024003.html
418,2019年10月21日,CSR分野における国際協力促進のためのセミナーを開催しました,https://www.meti.go.jp//press/2019/10/20191021001/20191021001.html
419,2019年10月18日,第10回日米インターネットエコノミーダイアログを開催しました,https://www.meti.go.jp//press/2019/10/20191018006/20191018006.html
420,2019年10月18日,「Regional Business Conference in YOKOHAMA」が開催され、牧原経済産業副大臣が出席しました,https://www.meti.go.jp//press/2019/10/20191018004/20191018004.html
421,2019年10月15日,菅原経済産業大臣がタイへ出張しました,https://www.meti.go.jp//press/2019/10/20191015007/20191015007.html
422,2019年10月15日,WTOパブリックフォーラムにおいて「大阪トラック」に関するワークショップが開催されました,https://www.meti.go.jp//press/2019/10/20191015004/20191015004.html
423,2019年10月12日,大韓民国向け輸出管理の運用の見直しについてWTO協定に基づく二国間協議を実施しました,https://www.meti.go.jp//press/2019/10/20191012001/20191012001.html
424,2019年10月11日,第9回東アジア地域包括的経済連携（RCEP）閣僚会合が開催されます,https://www.meti.go.jp//press/2019/10/20191011006/20191011006.html
425,2019年10月11日,日ASEANスマートシティ・ネットワークハイレベル会合に牧原経済産業副大臣が出席しました,https://www.meti.go.jp//press/2019/10/20191011005/20191011005.html
426,2019年10月10日,大韓民国向け輸出管理の運用の見直しについてWTO協定に基づく二国間協議を実施します,https://www.meti.go.jp//press/2019/10/20191010002/20191010002.html
427,2019年10月9日,国際貿易救済セミナー「アンチダンピングを知って利益を守る」を開催します,https://www.meti.go.jp//press/2019/10/20191009001/20191009001.html
428,2019年10月4日,英国で事業展開を行う中堅・中小企業等を対象とする「ブレグジット対応サービスデスク」を立ち上げました,https://www.meti.go.jp//press/2019/10/20191004004/20191004004.html
429,2019年10月1日,日本貿易振興機構が新輸出大国コンソーシアム「海外展開成功事例集」をウェブサイトで公開,https://www.meti.go.jp//press/2019/10/20191001002/20191001002.html
430,2019年9月30日,菅原経済産業大臣がスリヤ・タイ王国工業大臣と会談を行いました,https://www.meti.go.jp//press/2019/09/20190930007/20190930007.html
431,2019年9月30日,WTOで電子商取引に関する交渉会合（大阪トラック・プロセス）が開催されました,https://www.meti.go.jp//press/2019/09/20190930003/20190930003.html
432,2019年9月27日,8月の大韓民国向けフッ化水素輸出量について,https://www.meti.go.jp//press/2019/09/20190927005/20190927005.html
433,2019年9月26日,日トルコ経済連携協定（EPA）交渉の第17回会合が開催されます,https://www.meti.go.jp//press/2019/09/20190926008/20190926008.html
434,2019年9月26日,日米貿易協定、日米デジタル貿易協定に関する合意結果について,https://www.meti.go.jp//press/2019/09/20190926006/20190926006.html
435,2019年9月26日,中華人民共和国産トリス（クロロプロピル）ホスフェートに対する不当廉売関税の課税に関する調査を開始します,https://www.meti.go.jp//press/2019/09/20190926002/20190926002.html
436,2019年9月26日,対内直接投資等に該当する行為の見直し等を行います,https://www.meti.go.jp//press/2019/09/20190926001/20190926001.html
437,2019年9月25日,菅原大臣と英国トラス国際貿易大臣が会談を行いました,https://www.meti.go.jp//press/2019/09/20190925006/20190925006.html
438,2019年9月17日,東アジア地域包括的経済連携（RCEP）交渉の第28回会合が開催されます,https://www.meti.go.jp//press/2019/09/20190917003/20190917003.html
439,2019年9月11日,韓国による日本製空気圧伝送用バルブに対するアンチダンピング課税措置がWTO協定違反と判断され、是正が勧告されました,https://www.meti.go.jp//press/2019/09/20190911001/20190911001.html
440,2019年9月10日,滝波経済産業大臣政務官がアメリカ合衆国、コロンビア共和国及びチリ共和国に出張しました,https://www.meti.go.jp//press/2019/09/20190910006/20190910006.html
441,2019年9月10日,磯﨑経済産業副大臣がエジプト・アラブ共和国へ出張しました（日本・アラブ経済フォーラム）,https://www.meti.go.jp//press/2019/09/20190910005/20190910005.html
442,2019年9月9日,世耕経済産業大臣がタイ王国へ出張しました,https://www.meti.go.jp//press/2019/09/20190909005/20190909005.html
443,2019年9月9日,関経済産業副大臣が英国及びドイツ連邦共和国に出張しました,https://www.meti.go.jp//press/2019/09/20190909001/20190909001.html
444,2019年9月6日,世耕経済産業大臣兼ロシア経済分野協力担当大臣がロシア連邦に出張しました,https://www.meti.go.jp//press/2019/09/20190906005/20190906005.html
445,2019年9月3日,韓国の告示改正に関して意見及び質問を提出しました,https://www.meti.go.jp//press/2019/09/20190903005/20190903005.html
446,2019年9月3日,日ASEAN経済大臣会合、東アジア地域包括的経済連携（RCEP）閣僚会合が開催されます,https://www.meti.go.jp//press/2019/09/20190903004/20190903004.html
447,2019年9月2日,関経済産業副大臣が第7回アフリカ開発会議（TICAD7）に出席しました,https://www.meti.go.jp//press/2019/09/20190902007/20190902007.html
448,2019年9月2日,世耕経済産業大臣とル・メール経済財務大臣が電話会談を行いました,https://www.meti.go.jp//press/2019/09/20190902006/20190902006.html
449,2019年8月30日,世耕経済産業大臣が第7回アフリカ開発会議（TICAD7）に出席しました,https://www.meti.go.jp//press/2019/08/20190830008/20190830008.html
450,2019年8月28日,本日の韓国政府発表等について,https://www.meti.go.jp//press/2019/08/20190828020/20190828020.html
451,2019年8月28日,世耕経済産業大臣がブアソーン・ラオス人民民主共和国・国立経済研究所長と会談を行いました,https://www.meti.go.jp//press/2019/08/20190828002/20190828002.html
452,2019年8月27日,世耕経済産業大臣立ち合いのもと、日本貿易保険（NEXI）がイスラム開発銀行（IsDB）、イスラム投資・輸出保険機関（ICIEC）、アフリカ貿易保険機構（ATI）と協力のための覚書（MOU）に署名しました,https://www.meti.go.jp//press/2019/08/20190827003/20190827003.html
453,2019年8月27日,本年8月19日付大韓民国外交部口上書に回答しました,https://www.meti.go.jp//press/2019/08/20190827005/20190827005.html
454,2019年8月26日,関経済産業副大臣が中国に出張しました,https://www.meti.go.jp//press/2019/08/20190826002/20190826002.html
455,2019年8月7日,日ASEAN間の知財協力を強化しました,https://www.meti.go.jp//press/2019/08/20190807001/20190807001.html
456,2019年8月5日,世耕経済産業大臣が中華人民共和国へ出張しました,https://www.meti.go.jp//press/2019/08/20190805002/20190805002.html
457,2019年8月2日,日トルコ経済連携協定(EPA)交渉の第16回会合が開催されます,https://www.meti.go.jp//press/2019/08/20190802002/20190802002.html
458,2019年8月2日,輸出貿易管理令の一部を改正する政令が閣議決定されました,https://www.meti.go.jp//press/2019/08/20190802001/20190802001.html
459,2019年8月1日,世耕経済産業大臣がウッタマ・タイ王国財務大臣と会談を行いました,https://www.meti.go.jp//press/2019/08/20190801003/20190801003.html
460,2019年8月1日,東アジア地域包括的経済連携（RCEP）閣僚会合が開催されます,https://www.meti.go.jp//press/2019/08/20190801001/20190801001.html
461,2019年7月26日,インド高速鉄道に関する第10回合同委員会が開催されました,https://www.meti.go.jp//press/2019/07/20190726002/20190726002.html
462,2019年7月24日,本日の韓国産業通商資源部による記者会見について,https://www.meti.go.jp//press/2019/07/20190724002/20190724003.html
463,2019年7月19日,本日の韓国産業通商資源部による記者説明について,https://www.meti.go.jp//press/2019/07/20190719009/20190719009.html
464,2019年7月19日,東アジア地域包括的経済連携（RCEP）交渉の第27回会合が開催されます,https://www.meti.go.jp//press/2019/07/20190719005/20190719005.html
465,2019年7月18日,WTO電子商取引有志国会合（大阪トラック）が開催されました,https://www.meti.go.jp//press/2019/07/20190718001/20190718001.html
466,2019年7月16日,「令和元年版通商白書」を取りまとめました,https://www.meti.go.jp//press/2019/07/20190716004/20190716004.html
467,2019年7月13日,本日の一部報道（韓国政府担当課長による記者説明）について,https://www.meti.go.jp//press/2019/07/20190713001/20190713001.html
468,2019年7月11日,「第6回日中化学産業政策対話」を開催しました,https://www.meti.go.jp//press/2019/07/20190711002/20190711002.html
469,2019年7月9日,貿易保険法施行令の一部を改正する政令が閣議決定されました,https://www.meti.go.jp//press/2019/07/20190709003/20190709003.html
470,2019年7月8日,7月の政策特集は「アフリカビジネスの新戦略」です!,https://www.meti.go.jp//press/2019/07/20190708002/20190708002.html
471,2019年7月1日,磯﨑経済産業副大臣がトルクメニスタンに出張しました,https://www.meti.go.jp//press/2019/07/20190701008/20190701008.html
472,2019年7月1日,第10回「キャリア教育アワード」及び第9回「キャリア教育推進連携表彰」を実施します,https://www.meti.go.jp//press/2019/07/20190701007/20190701007.html
473,2019年7月1日,大韓民国向け輸出管理の運用の見直しについて,https://www.meti.go.jp//press/2019/07/20190701006/20190701006.html
474,2019年7月1日,世耕経済産業大臣兼ロシア経済分野協力担当大臣がG20大阪サミット関連会合に出席しました,https://www.meti.go.jp//press/2019/07/20190701003/20190701003.html
475,2019年6月28日,デジタル経済首脳特別イベント（大阪トラック）が開催されました,https://www.meti.go.jp//press/2019/06/20190628001/20190628001.html
476,2019年6月28日,「グループ・ガバナンス・システムに関する実務指針」を策定しました,https://www.meti.go.jp//press/2019/06/20190628003/20190628003.html
477,2019年6月26日,不公正貿易報告書及び経済産業省の取組方針を取りまとめました,https://www.meti.go.jp//press/2019/06/20190626003/20190626003.html
478,2019年6月19日,「貿易・投資を通じ、持続可能かつ包摂的な成長に貢献するビジネス・政策事例」を公開します,https://www.meti.go.jp//press/2019/06/20190619005/20190619005.html
479,2019年6月18日,「日・サウジ・ビジョン2030　2.0」を策定しました,https://www.meti.go.jp//press/2019/06/20190618007/20190618007.html
480,2019年6月18日,東アジア地域包括的経済連携（RCEP）交渉の第26回会合が開催されます,https://www.meti.go.jp//press/2019/06/20190618005/20190618005.html
481,2019年6月18日,「海外ジョブフェア事業」の出展企業募集を開始しました,https://www.meti.go.jp//press/2019/06/20190618003/20190618003.html
482,2019年6月17日,海外M&AにおいてCFO・法務担当役員・社外取締役に期待される役割を「9つの行動」別冊編にまとめました,https://www.meti.go.jp//press/2019/06/20190617006/20190617006.html
483,2019年6月13日,日トルコ経済連携協定(EPA)交渉の第15回会合が開催されます,https://www.meti.go.jp//press/2019/06/20190613006/20190613006.html
484,2019年6月13日,関経済産業副大臣がロシア、スロベニア共和国、北マケドニア共和国に出張しました,https://www.meti.go.jp//press/2019/06/20190613001/20190613001.html
485,2019年6月12日,貿易救済セミナーを開催します,https://www.meti.go.jp//press/2019/06/20190612002/20190612002.html
486,2019年6月10日,G20茨城つくば貿易・デジタル経済大臣会合を開催しました,https://www.meti.go.jp//press/2019/06/20190610010/20190610010.html
487,2019年6月10日,世耕経済産業大臣とル・メール経済財務大臣が会談を行いました,https://www.meti.go.jp//press/2019/06/20190610009/20190610009.html
488,2019年6月10日,世耕経済産業大臣兼ロシア経済分野協力担当大臣とオレシュキン経済発展大臣兼対日貿易経済協力担当大統領特別代表が会談を行いました,https://www.meti.go.jp//press/2019/06/20190610008/20190610008.html
489,2019年6月10日,インドにおける「日本式ものづくり学校（JIM: Japan-India Institute for Manufacturing）」を認定しました,https://www.meti.go.jp//press/2019/06/20190610003/20190610003.html
490,2019年6月10日,中華人民共和国工業信息化部と第1回日中産業大臣対話を開催しました（結果概要）,https://www.meti.go.jp//press/2019/06/20190610001/20190610001.html
491,2019年6月7日,世耕大臣がインフラ輸出への機関投資家資金の活用促進に向けた日本貿易保険（NEXI）と金融機関の協力覚書署名式に出席しました,https://www.meti.go.jp//press/2019/06/20190607007/20190607007.html
492,2019年6月7日,アフリカビジネス協議会　第1回本会議を開催しました,https://www.meti.go.jp//press/2019/06/20190607004/20190607004.html
493,2019年5月31日,世耕大臣がインドネシア共和国、シンガポール共和国へ出張しました,https://www.meti.go.jp//press/2019/05/20190531009/20190531009.html
494,2019年5月31日,令和元年度質の高いインフラの海外展開に向けた事業実施可能性調査事業等の採択事業者を決定しました,https://www.meti.go.jp//press/2019/05/20190531002/20190531002.html
495,2019年5月29日,石川経済産業大臣政務官がチリ共和国、ブラジル連邦共和国、ペルー共和国及びアメリカ合衆国に出張しました,https://www.meti.go.jp//press/2019/05/20190529004/20190529004.html
496,2019年5月27日,対内直接投資等に係る事前届出対象業種の追加等を行います,https://www.meti.go.jp//press/2019/05/20190527002/20190527002.html
497,2019年5月24日,世耕大臣が第6回三極貿易大臣会合、OECD閣僚理事会及びWTO非公式閣僚会合に出席しました,https://www.meti.go.jp//press/2019/05/20190524003/20190524003.html
498,2019年5月23日,三極貿易大臣共同声明が発表されました,https://www.meti.go.jp//press/2019/05/20190523005/20190523005.html
499,2019年5月23日,「国際化促進インターンシップ事業」参加企業を募集中です,https://www.meti.go.jp//press/2019/05/20190523001/20190523001.html
